{
  "Medical": {
    "flesch_reading_ease": 0.0,
    "flesch_kincaid_grade": 17.93444444444445,
    "gunning_fog": 5.777777777777779,
    "word_count": 